{
  "name": "Musharna",
  "nationalPokedexNumber": 518,
  "primaryType": "psychic",
  "abilities": [
    "forewarn",
    "synchronize",
    "h:telepathy"
  ],
  "drops": {
    "amount": 1,
    "entries": [
      {
        "item": "cobblemon:chesto_berry",
        "percentage": 5
      }
    ]
  },
  "baseStats": {
    "hp": 116,
    "attack": 55,
    "defence": 85,
    "special_attack": 107,
    "special_defence": 95,
    "speed": 29
  },
  "catchRate": 75,
  "maleRatio": 0.5,
  "shoulderMountable": false,
  "baseExperienceYield": 170,
  "experienceGroup": "fast",
  "eggCycles": 10,
  "eggGroups": [
    "field"
  ],
  "moves": [
    "1:calmmind",
    "1:defensecurl",
    "1:dreameater",
    "1:futuresight",
    "1:hypnosis",
    "1:imprison",
    "1:luckychant",
    "1:magiccoat",
    "1:moonblast",
    "1:moonlight",
    "1:psybeam",
    "1:psychic",
    "1:psychicterrain",
    "1:storedpower",
    "1:wonderroom",
    "1:yawn",
    "1:zenheadbutt",
    "tm:allyswitch",
    "tm:amnesia",
    "tm:attract",
    "tm:calmmind",
    "tm:chargebeam",
    "tm:confide",
    "tm:dazzlinggleam",
    "tm:doubleteam",
    "tm:dreameater",
    "tm:endure",
    "tm:energyball",
    "tm:facade",
    "tm:flash",
    "tm:frustration",
    "tm:futuresight",
    "tm:gigaimpact",
    "tm:guardswap",
    "tm:gyroball",
    "tm:helpinghand",
    "tm:hiddenpower",
    "tm:hyperbeam",
    "tm:imprison",
    "tm:lightscreen",
    "tm:powerswap",
    "tm:protect",
    "tm:psychic",
    "tm:psychicterrain",
    "tm:psychup",
    "tm:psyshock",
    "tm:raindance",
    "tm:reflect",
    "tm:rest",
    "tm:return",
    "tm:rockslide",
    "tm:rocktomb",
    "tm:round",
    "tm:safeguard",
    "tm:secretpower",
    "tm:shadowball",
    "tm:skillswap",
    "tm:sleeptalk",
    "tm:snore",
    "tm:storedpower",
    "tm:substitute",
    "tm:swagger",
    "tm:swift",
    "tm:telekinesis",
    "tm:thunderwave",
    "tm:torment",
    "tm:toxic",
    "tm:trick",
    "tm:trickroom",
    "tm:wonderroom",
    "tm:zenheadbutt",
    "tutor:afteryou",
    "tutor:allyswitch",
    "tutor:defensecurl",
    "tutor:expandingforce",
    "tutor:gravity",
    "tutor:healbell",
    "tutor:helpinghand",
    "tutor:hypnosis",
    "tutor:luckychant",
    "tutor:magiccoat",
    "tutor:mistyexplosion",
    "tutor:painsplit",
    "tutor:psybeam",
    "tutor:shockwave",
    "tutor:signalbeam",
    "tutor:skillswap",
    "tutor:sleeptalk",
    "tutor:snore",
    "tutor:telekinesis",
    "tutor:trick",
    "tutor:wonderroom",
    "tutor:worryseed",
    "tutor:zenheadbutt"
  ],
  "labels": [
    "gen5"
  ],
  "pokedex": [
    "cobblemon.species.musharna.desc"
  ],
  "preEvolution": "munna",
  "evolutions": [],
  "baseScale": 1,
  "hitbox": {
    "width": 1,
    "height": 1,
    "fixed": false
  },
  "baseFriendship": 50,
  "evYield": {
    "hp": 2,
    "attack": 0,
    "defence": 0,
    "special_attack": 0,
    "special_defence": 0,
    "speed": 0
  },
  "height": 11,
  "weight": 605,
  "aspects": [],
  "cannotDynamax": false,
  "implemented": true
}