{
  "name": "Gastrodon",
  "nationalPokedexNumber": 423,
  "primaryType": "water",
  "secondaryType": "ground",
  "abilities": [
    "stickyhold",
    "stormdrain",
    "h:sandforce"
  ],
  "drops": {
    "amount": 3,
    "entries": [
      {
        "item": "minecraft:clay_ball",
        "quantityRange": "0-2"
      },
      {
        "item": "cobblemon:rindo_berry",
        "percentage": 5
      }
    ]
  },
  "baseStats": {
    "hp": 111,
    "attack": 83,
    "defence": 68,
    "special_attack": 92,
    "special_defence": 82,
    "speed": 39
  },
  "catchRate": 75,
  "maleRatio": 0.5,
  "shoulderMountable": false,
  "baseExperienceYield": 166,
  "experienceGroup": "medium_fast",
  "eggCycles": 20,
  "eggGroups": [
    "water_1",
    "amorphous"
  ],
  "moves": [
    "1:harden",
    "1:mudslap",
    "1:mudsport",
    "1:recover",
    "1:watergun",
    "1:waterpulse",
    "11:mudbomb",
    "15:waterpulse",
    "16:hiddenpower",
    "20:ancientpower",
    "22:raindance",
    "25:bodyslam",
    "29:bodyslam",
    "33:muddywater",
    "39:earthpower",
    "41:muddywater",
    "46:raindance",
    "53:memento",
    "54:recover",
    "tm:amnesia",
    "tm:attract",
    "tm:blizzard",
    "tm:bodyslam",
    "tm:brine",
    "tm:bulldoze",
    "tm:captivate",
    "tm:chillingwater",
    "tm:confide",
    "tm:curse",
    "tm:dig",
    "tm:dive",
    "tm:doubleteam",
    "tm:earthpower",
    "tm:earthquake",
    "tm:endure",
    "tm:facade",
    "tm:flash",
    "tm:frustration",
    "tm:gigaimpact",
    "tm:hail",
    "tm:helpinghand",
    "tm:hiddenpower",
    "tm:hydropump",
    "tm:hyperbeam",
    "tm:icebeam",
    "tm:icywind",
    "tm:infestation",
    "tm:liquidation",
    "tm:muddywater",
    "tm:mudshot",
    "tm:mudslap",
    "tm:naturalgift",
    "tm:painsplit",
    "tm:protect",
    "tm:raindance",
    "tm:rest",
    "tm:return",
    "tm:rockblast",
    "tm:rockslide",
    "tm:rocksmash",
    "tm:rocktomb",
    "tm:round",
    "tm:sandstorm",
    "tm:sandtomb",
    "tm:scald",
    "tm:secretpower",
    "tm:skittersmack",
    "tm:sleeptalk",
    "tm:sludgebomb",
    "tm:sludgewave",
    "tm:snore",
    "tm:snowscape",
    "tm:spikes",
    "tm:stealthrock",
    "tm:stompingtantrum",
    "tm:stoneedge",
    "tm:strength",
    "tm:substitute",
    "tm:surf",
    "tm:swagger",
    "tm:takedown",
    "tm:terablast",
    "tm:toxic",
    "tm:waterfall",
    "tm:waterpulse",
    "tm:weatherball",
    "tm:whirlpool",
    "tutor:ancientpower",
    "tutor:block",
    "tutor:dive",
    "tutor:earthpower",
    "tutor:headbutt",
    "tutor:icebeam",
    "tutor:icywind",
    "tutor:mudslap",
    "tutor:painsplit",
    "tutor:protect",
    "tutor:recover",
    "tutor:skittersmack",
    "tutor:sleeptalk",
    "tutor:snore",
    "tutor:stompingtantrum",
    "tutor:stringshot",
    "tutor:waterpulse"
  ],
  "labels": [
    "gen4"
  ],
  "pokedex": [
    "cobblemon.species.gastrodon.desc"
  ],
  "preEvolution": "shellos",
  "evolutions": [],
  "baseScale": 1,
  "hitbox": {
    "width": 1,
    "height": 1,
    "fixed": false
  },
  "baseFriendship": 50,
  "evYield": {
    "hp": 2,
    "attack": 0,
    "defence": 0,
    "special_attack": 0,
    "special_defence": 0,
    "speed": 0
  },
  "height": 9,
  "weight": 299,
  "aspects": [],
  "cannotDynamax": false,
  "implemented": true
}