{
  "name": "Togedemaru",
  "nationalPokedexNumber": 777,
  "primaryType": "electric",
  "secondaryType": "steel",
  "abilities": [
    "ironbarbs",
    "lightningrod",
    "h:sturdy"
  ],
  "baseStats": {
    "hp": 65,
    "attack": 98,
    "defence": 63,
    "special_attack": 40,
    "special_defence": 73,
    "speed": 96
  },
  "catchRate": 180,
  "maleRatio": 0.5,
  "shoulderMountable": false,
  "forms": [
    {
      "name": "Totem",
      "primaryType": "electric",
      "secondaryType": "steel",
      "abilities": [
        "sturdy"
      ],
      "baseStats": {
        "hp": 65,
        "attack": 98,
        "defence": 63,
        "special_attack": 40,
        "special_defence": 73,
        "speed": 96
      },
      "catchRate": 180,
      "maleRatio": 0.5,
      "baseExperienceYield": 152,
      "baseFriendship": 50,
      "evYield": {
        "hp": 0,
        "attack": 2,
        "defence": 0,
        "special_attack": 0,
        "special_defence": 0,
        "speed": 0
      },
      "experienceGroup": "medium_fast",
      "eggCycles": 10,
      "eggGroups": [
        "field",
        "fairy"
      ],
      "moves": [
        "1:tackle",
        "1:thundershock",
        "5:defensecurl",
        "9:rollout",
        "13:charge",
        "17:spark",
        "21:nuzzle",
        "25:magnetrise",
        "29:discharge",
        "33:zingzap",
        "37:electricterrain",
        "41:wildcharge",
        "45:pinmissile",
        "49:spikyshield",
        "53:fellstinger",
        "tm:attract",
        "tm:chargebeam",
        "tm:confide",
        "tm:doubleteam",
        "tm:facade",
        "tm:fling",
        "tm:frustration",
        "tm:gigaimpact",
        "tm:grassknot",
        "tm:gyroball",
        "tm:hiddenpower",
        "tm:payback",
        "tm:poisonjab",
        "tm:protect",
        "tm:reflect",
        "tm:rest",
        "tm:return",
        "tm:round",
        "tm:sleeptalk",
        "tm:substitute",
        "tm:swagger",
        "tm:thief",
        "tm:thunder",
        "tm:thunderbolt",
        "tm:thunderwave",
        "tm:toxic",
        "tm:uturn",
        "tm:voltswitch",
        "tm:wildcharge",
        "tm:workup",
        "tutor:afteryou",
        "tutor:bounce",
        "tutor:covet",
        "tutor:discharge",
        "tutor:electroweb",
        "tutor:endeavor",
        "tutor:gravity",
        "tutor:helpinghand",
        "tutor:ironhead",
        "tutor:irontail",
        "tutor:lastresort",
        "tutor:magnetrise",
        "tutor:nuzzle",
        "tutor:roleplay",
        "tutor:shockwave",
        "tutor:snore",
        "tutor:superfang",
        "tutor:zenheadbutt",
        "tutor:zingzap"
      ],
      "labels": [
        "gen7",
        "totem"
      ],
      "aspects": [
        "totem"
      ],
      "height": 6,
      "weight": 130,
      "cannotDynamax": false,
      "battleOnly": false
    }
  ],
  "baseExperienceYield": 152,
  "experienceGroup": "medium_fast",
  "eggCycles": 10,
  "eggGroups": [
    "field",
    "fairy"
  ],
  "moves": [
    "1:nuzzle",
    "1:tackle",
    "5:defensecurl",
    "9:rollout",
    "10:charge",
    "15:thundershock",
    "20:fellstinger",
    "25:spark",
    "30:pinmissile",
    "35:magnetrise",
    "40:zingzap",
    "45:discharge",
    "50:electricterrain",
    "55:wildcharge",
    "60:spikyshield",
    "egg:disarmingvoice",
    "egg:encore",
    "egg:fakeout",
    "egg:flail",
    "egg:present",
    "egg:reversal",
    "egg:tickle",
    "egg:twineedle",
    "egg:wish",
    "tm:agility",
    "tm:assurance",
    "tm:attract",
    "tm:bounce",
    "tm:chargebeam",
    "tm:confide",
    "tm:doubleteam",
    "tm:eerieimpulse",
    "tm:electricterrain",
    "tm:electroball",
    "tm:electroweb",
    "tm:encore",
    "tm:endure",
    "tm:facade",
    "tm:fling",
    "tm:frustration",
    "tm:gigaimpact",
    "tm:grassknot",
    "tm:gyroball",
    "tm:helpinghand",
    "tm:hiddenpower",
    "tm:hyperbeam",
    "tm:ironhead",
    "tm:irontail",
    "tm:payback",
    "tm:pinmissile",
    "tm:poisonjab",
    "tm:protect",
    "tm:reflect",
    "tm:rest",
    "tm:return",
    "tm:reversal",
    "tm:round",
    "tm:sleeptalk",
    "tm:snore",
    "tm:substitute",
    "tm:swagger",
    "tm:swift",
    "tm:thief",
    "tm:thunder",
    "tm:thunderbolt",
    "tm:thunderwave",
    "tm:toxic",
    "tm:uturn",
    "tm:voltswitch",
    "tm:wildcharge",
    "tm:workup",
    "tm:zenheadbutt",
    "tutor:afteryou",
    "tutor:bounce",
    "tutor:covet",
    "tutor:electroweb",
    "tutor:endeavor",
    "tutor:gravity",
    "tutor:helpinghand",
    "tutor:ironhead",
    "tutor:irontail",
    "tutor:lastresort",
    "tutor:magnetrise",
    "tutor:risingvoltage",
    "tutor:roleplay",
    "tutor:shockwave",
    "tutor:snore",
    "tutor:steelbeam",
    "tutor:steelroller",
    "tutor:superfang",
    "tutor:zenheadbutt"
  ],
  "labels": [
    "gen7"
  ],
  "pokedex": [
    "cobblemon.species.togedemaru.desc"
  ],
  "evolutions": [],
  "baseScale": 1,
  "hitbox": {
    "width": 1,
    "height": 1,
    "fixed": false
  },
  "baseFriendship": 50,
  "evYield": {
    "hp": 0,
    "attack": 2,
    "defence": 0,
    "special_attack": 0,
    "special_defence": 0,
    "speed": 0
  },
  "height": 3,
  "weight": 33,
  "aspects": [],
  "cannotDynamax": false,
  "drops": {
    "amount": 1,
    "entries": [
      {
        "item": "cobblemon:shuca_berry",
        "percentage": 5
      }
    ]
  },
  "implemented": true
}